Login,Password,Nombre,Apellido1,Apellido2,Descripcion,Departamento
AALABAUV,1234567890,ANTONIO,ALABAU,VALENCIA,Usuario del departamento Dirección,Direccion
CGOMISC,1234567890,CLAUDIO,GOMIS,CAMPOS,Usuario del departamento Dirección,Direccion
SVALENCIAM,1234567890,SUSANA,VALENCIA,MONCHO,Usuario del departamento Dirección,Direccion
PCHAVESA,1234567890,PEDRO,CHAVES,ALABAU,Usuario del departamento Dirección,Direccion
PALBAG,1234567890,PIEDAD,ALBA,GOMIS,Usuario del departamento Dirección,Direccion
MCARVALHOV,1234567890,MANUEL,CARVALHO,VALENCIA,Usuario del departamento Dirección,Direccion
JCAMPOSV,1234567890,JAVIER,CAMPOS,VARGAS,Usuario del departamento Dirección,Direccion
EMONCHOC,1234567890,EVA,MONCHO,CARVALHO,Usuario del departamento Dirección,Direccion
RCHAVESC,1234567890,RODRIGO,CHAVES,CAMPOS,Usuario del departamento Dirección,Direccion
JALBAC,1234567890,JOHANN,ALBA,CHAVES,Usuario del departamento Dirección,Direccion
EGARCIAA,1234567890,EVA,GARCIA,ALAVES,Usuario del departamento Profesorado,Profesorado
PPULGARC,1234567890,PEDRO,PULGAR,CITO,Usuario del departamento Profesorado,Profesorado
AFILEM,1234567890,ANGI,FILE,MON,Usuario del departamento Profesorado,Profesorado
MSEGISO,1234567890,MARIA,SEGIS,OLIVIO,Usuario del departamento Profesorado,Profesorado
MTOMJ,1234567890,MANU,TOM,JERRY,Usuario del departamento Profesorado,Profesorado
GROMPET,1234567890,GARGAMEL,ROMPE,TECHOS,Usuario del departamento Profesorado,Profesorado
JRIGOBERTOP,1234567890,JUAN,RIGOBERTO,PICAPORTE,Usuario del departamento Profesorado,Profesorado
MPANTERAR,1234567890,MERE,PANTERA,ROSA,Usuario del departamento Profesorado,Profesorado
TMORTAD,1234567890,TORPE,MORTA,DELO,Usuario del departamento Profesorado,Profesorado
IGOTERAO,1234567890,ISA,GOTERA,OTILIO,Usuario del departamento Profesorado,Profesorado
EUNOSF,1234567890,EUSEBIO,UNOS,FLAN,Usuario del departamento Profesorado,Profesorado
EDOROT,1234567890,EVA,DORO,TEO,Usuario del departamento Profesorado,Profesorado
TZIPIZ,1234567890,TUSO,ZIPI,ZAPEL,Usuario del departamento Profesorado,Profesorado
ARUEP,1234567890,ANA,RUE,PERCEBE,Usuario del departamento Profesorado,Profesorado
JSHINC,1234567890,JOSE,SHIN,CHAN,Usuario del departamento Profesorado,Profesorado